Agendamento,Embarcação,Agência,Operador,Status embarcação,Navegação,Carga principal,Peso da carga movimentada (t),Qtd. de carga movimentada (un.),Qtd. de contêineres movimentados (un.),Berço,Horário chegada no porto,Horário fundeio,Horário desfundeio,Horário atracação,Horário desatracação,Horário início operação,Horário término da operação,Soma do tempo de operação paralisada
167133,IONIC SMYRNI,GEM SHIPPING LTDA,ALUNORTE ALUMINA DO NORTE DO BRASIL SA,Desatracado,LONGO CURSO,CARVÃO MINERAL,"40.543,70",-,0,402,23/10/2023 12:00,23/10/2023 12:00,30/10/2023 12:00,29/11/2023 10:35,06/12/2023 15:40,29/11/2023 16:30,06/12/2023 09:50,0
168530,ALIANÇA LEBLON,WILSON SONS SHIPPING SERVICES LTDA (PVC),CONVICON CONTEINERES DE VILA DO CONDE S/A,Desatracado,CABOTAGEM,CONTÊINERES,"139.856,02",1941,1425,401,2/12/2023 15:57,2/12/2023 15:57,2/12/2023 16:30,2/12/2023 16:58,05/12/2023 04:17,2/12/2023 20:00,05/12/2023 04:00,0
168778,EUROSUN,WILHELMSEN PORT SERVICES BRASIL LTDA,NOVAD AGENCIA MARITIMA LTDA,Desatracado,LONGO CURSO,MANGANES,"10.141,87",-,0,402,13/11/2023 09:53,13/11/2023 09:53,7/12/2023 15:30,7/12/2023 16:58,11/12/2023 08:38,9/12/2023 01:20,11/12/2023 05:40,0
168828,CMA CGM SAINT LAURENT,CMA CGM DO BRASIL AGENCIA MARITIMA LTDA (PVC),CONVICON CONTEINERES DE VILA DO CONDE S/A,Desatracado,LONGO CURSO,CONTÊINERES,"5.113,85",3121,221,401,5/12/2023 00:00,5/12/2023 00:00,5/12/2023 03:00,5/12/2023 04:39,06/12/2023 01:10,5/12/2023 08:10,05/12/2023 23:40,0
168830,CMA CGM CAYENNE,CMA CGM DO BRASIL AGENCIA MARITIMA LTDA (PVC),CONVICON CONTEINERES DE VILA DO CONDE S/A,Desatracado,LONGO CURSO,CONTÊINERES,"6.859,71",549,435,401,18/12/2023 12:22,,,18/12/2023 12:22,19/12/2023 21:14,18/12/2023 15:30,19/12/2023 20:00,0
169064,ZEIN  I,GLOBAL AGENCIA MARITIMA LTDA EPP,BELEM TRADING & OPERACOES PORTUARIAS LTDA,Desatracado,LONGO CURSO,ANIMAIS VIVOS,"2.523,00",-,0,202,25/12/2023 16:00,25/12/2023 16:00,25/12/2023 17:00,28/12/2023 10:15,30/12/2023 12:32,28/12/2023 19:05,30/12/2023 11:30,0
169074,BROAD YUAN,LBH BRASIL AGENCIAMENTO MARITIMO LTDA. (PVC),COMPORTCE OPERADOR PORTUARIO CESARI LTDA,Desatracado,LONGO CURSO,FERTILIZANTES ADUBOS,"19.274,92",-,0,301,20/11/2023 13:30,20/11/2023 13:30,28/11/2023 20:20,28/11/2023 21:15,05/12/2023 00:25,29/11/2023 01:32,04/12/2023 15:40,7:00
169084,KANAAN,WILSON SONS SHIPPING SERVICES LTDA (PVC),CONVICON CONTEINERES DE VILA DO CONDE S/A,Desatracado,INTERIOR,CONTÊINERES,"1.806,57",-,79,401,2/12/2023 02:00,,,2/12/2023 02:00,03/12/2023 15:15,2/12/2023 03:00,02/12/2023 15:00,0
169291,GLYFADA,ORION RODOS MARITIMA E PORTUARIA (PVC),ALUNORTE ALUMINA DO NORTE DO BRASIL SA,Desatracado,CABOTAGEM,BAUXITA,"33.258,70",-,0,101,28/11/2023 08:00,28/11/2023 08:00,29/11/2023 21:00,29/11/2023 22:43,02/12/2023 12:20,30/11/2023 01:30,02/12/2023 10:20,0
169304,ADRIATIC WAVE,ISS MARINE SERVICES LTDA.      FILIAL BELEM,ALUNORTE ALUMINA DO NORTE DO BRASIL SA,Desatracado,LONGO CURSO,SODA CÁUSTICA,"42.022,53",-,0,501,29/11/2023 01:42,29/11/2023 01:42,7/12/2023 16:00,7/12/2023 17:00,10/12/2023 18:24,7/12/2023 22:06,10/12/2023 08:54,0
169337,JOURI,GLOBAL AGENCIA MARITIMA LTDA EPP,R L DE ASSUNCAO OPERADOR PORTUARIO LTDA,Desatracado,LONGO CURSO,ANIMAIS VIVOS,"1.725,16",-,0,202,21/11/2023 21:15,21/11/2023 21:15,7/12/2023 15:30,7/12/2023 17:20,10/12/2023 06:43,8/12/2023 01:20,09/12/2023 17:10,0
169347,SAGA FUJI,ORION RODOS MARITIMA E PORTUARIA (PVC),ALBRAS ALUMINIO BRASILEIRO SA,Desatracado,LONGO CURSO,ALUMÍNIO E SUAS OBRAS,"17.943,96",-,0,201,1/12/2023 11:41,1/12/2023 11:41,1/12/2023 21:53,1/12/2023 23:00,04/12/2023 21:25,2/12/2023 02:45,04/12/2023 14:28,0
169350,BERNIS,WILHELMSEN PORT SERVICES BRASIL LTDA,ALUNORTE ALUMINA DO NORTE DO BRASIL SA,Desatracado,LONGO CURSO,ALUMINA,"33.453,76",-,0,102,1/12/2023 12:15,,,1/12/2023 12:15,03/12/2023 14:55,1/12/2023 14:27,03/12/2023 13:26,19:40
169353,MV DEVBULK SADIYE,UNIMAR AGENCIAMENTOS MARÍTIMOS LTDA (PVC),COMPORTCE OPERADOR PORTUARIO CESARI LTDA,Desatracado,LONGO CURSO,FERTILIZANTES ADUBOS,"13.084,16",-,0,301,26/11/2023 18:50,26/11/2023 18:50,5/12/2023 00:36,5/12/2023 01:10,08/12/2023 20:00,5/12/2023 08:25,08/12/2023 15:25,0
169372,IC PHOENIX,ALPHAMAR AGENCIA MARITIMA LTDA EPP (PVC),MEGA LOGISTICA SERVICOS PORTUARIOS LTDA,Desatracado,LONGO CURSO,MILHO,"59.512,13",-,0,FUNDEIO1,26/11/2023 11:54,26/11/2023 11:54,8/12/2023 02:48,8/12/2023 08:30,25/12/2023 08:20,9/12/2023 12:55,24/12/2023 09:20,0
169434,FLORETGRACHT,ORION RODOS MARITIMA E PORTUARIA (PVC),ALBRAS ALUMINIO BRASILEIRO SA,Desatracado,LONGO CURSO,ALUMÍNIO E SUAS OBRAS,"9.165,76",-,0,202,12/12/2023 00:00,12/12/2023 00:00,12/12/2023 06:00,12/12/2023 08:40,15/12/2023 11:40,12/12/2023 13:45,15/12/2023 03:05,0
169436,LOG-IN POLARIS,MSC MEDITERRANEAN SHIPPING DO BRASIL LTDA,CONVICON CONTEINERES DE VILA DO CONDE S/A,Desatracado,CABOTAGEM,CONTÊINERES,"8.074,87",-,428,401,30/11/2023 21:58,,,30/11/2023 21:58,02/12/2023 01:08,30/11/2023 21:58,01/12/2023 23:48,0
169439,ALIANÇA LEBLON,WILSON SONS SHIPPING SERVICES LTDA (PVC),CONVICON CONTEINERES DE VILA DO CONDE S/A,Desatracado,CABOTAGEM,CONTÊINERES,"4.231,22",212,260,401,16/12/2023 01:00,,,16/12/2023 01:00,18/12/2023 10:22,16/12/2023 02:30,18/12/2023 09:00,0
169460,IOANNIS ZAFIRAKIS,PETROLEO BRASILEIRO,PETROLEO BRASILEIRO,Desatracado,CABOTAGEM,COMBUSTÍVEIS E ÓLEOS MINERAIS E PRODUTOS,"3.293,85",-,0,501,2/12/2023 14:55,,,2/12/2023 14:55,03/12/2023 12:10,2/12/2023 18:36,03/12/2023 00:12,0
169462,CLEAROCEAN MELODY,PETROLEO BRASILEIRO,TEQUIMAR VILA DO CONDE LOGISTICA PORTUARIA SA,Desatracado,CABOTAGEM,COMBUSTÍVEIS E ÓLEOS MINERAIS E PRODUTOS,"5,00",-,0,501,5/12/2023 15:05,,,5/12/2023 15:05,07/12/2023 04:19,5/12/2023 20:00,07/12/2023 01:00,0
169464,HB TUCUNARÉ,SERVEPORTO AGENCIA MARITIMA LTDA.    (PVC),ALUNORTE ALUMINA DO NORTE DO BRASIL SA,Desatracado,CABOTAGEM,BAUXITA,"53.107,71",-,0,101,2/12/2023 18:13,,,2/12/2023 18:13,05/12/2023 19:25,2/12/2023 20:04,05/12/2023 17:20,13:52
169465,HB TAMBAQUI,SERVEPORTO AGENCIA MARITIMA LTDA.    (PVC),ALUNORTE ALUMINA DO NORTE DO BRASIL SA,Desatracado,CABOTAGEM,BAUXITA,"53.900,07",-,0,101,6/12/2023 20:15,6/12/2023 20:15,6/12/2023 20:45,6/12/2023 21:18,09/12/2023 15:44,7/12/2023 01:22,09/12/2023 09:37,0
169485,RAINHA DO JURUA,MAJONAV NAVEGACAO LTDA.,CONVICON CONTEINERES DE VILA DO CONDE S/A,Desatracado,INTERIOR,CONTÊINERES,"0,00",-,3,401,6/12/2023 04:00,,,6/12/2023 04:00,07/12/2023 01:28,6/12/2023 13:45,07/12/2023 01:20,0
169486,MAJONAV IV,MAJONAV NAVEGACAO LTDA.,CONVICON CONTEINERES DE VILA DO CONDE S/A,Desatracado,INTERIOR,CONTÊINERES,"10,00",-,1,401,6/12/2023 01:40,,,6/12/2023 01:40,06/12/2023 13:20,6/12/2023 01:50,06/12/2023 13:00,0
169487,ADL IV,MAJONAV NAVEGACAO LTDA.,CONVICON CONTEINERES DE VILA DO CONDE S/A,Desatracado,INTERIOR,CONTÊINERES,"25,00",-,1,401,7/12/2023 06:42,,,7/12/2023 06:42,07/12/2023 12:50,7/12/2023 08:18,07/12/2023 12:20,0
169488,ANA CAROLINA,MAJONAV NAVEGACAO LTDA.,CONVICON CONTEINERES DE VILA DO CONDE S/A,Desatracado,INTERIOR,CONTÊINERES,"32,03",-,1,401,7/12/2023 01:25,,,7/12/2023 01:25,07/12/2023 07:10,7/12/2023 01:30,07/12/2023 07:00,0
169494,B/T. OMS XVI,OZIEL MUSTAFA DOS SANTOS E CIA LTDA,TEQUIMAR VILA DO CONDE LOGISTICA PORTUARIA SA,Desatracado,INTERIOR,ALCOOL ANIDRO,"0,00",-,0,502,1/12/2023 08:30,,,1/12/2023 08:30,01/12/2023 23:00,1/12/2023 13:42,01/12/2023 18:00,0
169503,ISHIZUCHI STAR,GEM SHIPPING LTDA,ALUNORTE ALUMINA DO NORTE DO BRASIL SA,Desatracado,LONGO CURSO,ALUMINA,"31.500,29",-,0,102,3/12/2023 16:15,,,3/12/2023 16:15,06/12/2023 15:13,3/12/2023 18:10,06/12/2023 05:10,0
169506,PRATES VII,WILSON SONS SHIPPING SERVICES LTDA (PVC),CONVICON CONTEINERES DE VILA DO CONDE S/A,Desatracado,INTERIOR,CONTÊINERES,"2.406,77",-,132,401,2/12/2023 02:00,,,2/12/2023 02:00,02/12/2023 16:30,2/12/2023 02:00,02/12/2023 16:15,0
169508,ANDALUCIA,WILLIAMS SERVICOS MARITIMOS LTDA,ALUNORTE ALUMINA DO NORTE DO BRASIL SA,Desatracado,LONGO CURSO,ALUMINA,"1,98",-,0,201,29/11/2023 16:00,29/11/2023 16:00,29/11/2023 18:50,29/11/2023 19:08,01/12/2023 14:00,29/11/2023 22:50,01/12/2023 10:43,2:25
169554,NORTELOG I,SERVEPORTO AGENCIA MARITIMA LTDA.    (PVC),CONVICON CONTEINERES DE VILA DO CONDE S/A,Desatracado,INTERIOR,CONTÊINERES,"1.232,58",36,80,R1,1/12/2023 09:25,,,1/12/2023 09:25,02/12/2023 02:00,1/12/2023 10:15,02/12/2023 00:40,0
169556,EXPRESS M,GLOBAL AGENCIA MARITIMA LTDA EPP,R L DE ASSUNCAO OPERADOR PORTUARIO LTDA,Desatracado,LONGO CURSO,ANIMAIS VIVOS,"1.298,36",1,1,202,7/12/2023 02:52,7/12/2023 02:52,10/12/2023 06:32,10/12/2023 07:38,12/12/2023 07:00,10/12/2023 20:42,11/12/2023 13:40,0
169569,APPALOOSA,WILHELMSEN PORT SERVICES BRASIL LTDA,ALUNORTE ALUMINA DO NORTE DO BRASIL SA,Desatracado,LONGO CURSO,ALUMINA,"32.290,81",-,0,201,6/12/2023 18:25,6/12/2023 18:25,6/12/2023 18:55,6/12/2023 19:15,09/12/2023 14:40,7/12/2023 01:35,09/12/2023 10:20,0
169588,ATAYAL STAR,SERVEPORTO AGENCIA MARITIMA LTDA.    (PVC),ALBRAS ALUMINIO BRASILEIRO SA,Desatracado,LONGO CURSO,"COQUE DE PETRÓLEO, BETUME DE PETRÓLEO E OUTROS RESÍDUOS DOS ÓLEOS DE PETRÓLEO","15,00",-,0,202,12/12/2023 10:00,12/12/2023 10:00,14/12/2023 09:00,15/12/2023 12:58,19/12/2023 13:15,15/12/2023 15:00,18/12/2023 12:25,5:45
169603,ATHENAS ZAPAL,SERVEPORTO AGENCIA MARITIMA LTDA.    (PVC),CONVICON CONTEINERES DE VILA DO CONDE S/A,Desatracado,INTERIOR,CONTÊINERES,"58,06",-,4,401,6/12/2023 01:30,,,6/12/2023 01:30,06/12/2023 01:50,6/12/2023 01:37,06/12/2023 01:48,0
169654,Bernard,SAAM TOWAGE BRASIL S.A. PVC,SAAM TOWAGE BRASIL S.A. PVC,Desatracado,APOIO PORTUÁRIO,SEM CARGA,"0,58",-,0,202,2/12/2023 04:00,,,2/12/2023 04:00,05/12/2023 16:14,,,0
169659,HALKI,WILHELMSEN PORT SERVICES BRASIL LTDA,ALUNORTE ALUMINA DO NORTE DO BRASIL SA,Desatracado,LONGO CURSO,ALUMINA,"35.600,00",-,0,102,11/12/2023 18:48,11/12/2023 18:48,11/12/2023 19:28,11/12/2023 20:00,16/12/2023 10:41,12/12/2023 00:20,16/12/2023 03:40,0
169666,TORM ALEXANDRA,GEM SHIPPING LTDA,ALUNORTE ALUMINA DO NORTE DO BRASIL SA,Desatracado,LONGO CURSO,SODA CÁUSTICA,"40,98",-,0,501,10/12/2023 08:00,10/12/2023 08:00,16/12/2023 11:00,16/12/2023 11:41,18/12/2023 14:21,16/12/2023 16:18,18/12/2023 11:30,0
169675,GLYFADA,ORION RODOS MARITIMA E PORTUARIA (PVC),ALUNORTE ALUMINA DO NORTE DO BRASIL SA,Desatracado,CABOTAGEM,BAUXITA,"35.338,00",-,0,101,9/12/2023 18:34,9/12/2023 18:34,9/12/2023 19:06,9/12/2023 19:43,13/12/2023 15:00,9/12/2023 22:00,11/12/2023 23:55,0
169678,MSC MANYA,MSC MEDITERRANEAN SHIPPING DO BRASIL LTDA,CONVICON CONTEINERES DE VILA DO CONDE S/A,Desatracado,LONGO CURSO,CONTÊINERES,"23.610,45",560,1270,401,13/12/2023 21:05,13/12/2023 21:05,13/12/2023 21:10,13/12/2023 21:50,15/12/2023 15:18,13/12/2023 23:50,15/12/2023 12:56,0
169682,TORM SOVEREIGN,NORTH STAR SERVICOS MARITIMOS LTDA - FILIAL BELEM,TEQUIMAR VILA DO CONDE LOGISTICA PORTUARIA SA,Desatracado,LONGO CURSO,COMBUSTÍVEIS E ÓLEOS MINERAIS E PRODUTOS,"3.486,97",-,0,501,18/12/2023 15:00,,,18/12/2023 15:00,21/12/2023 02:52,18/12/2023 21:30,20/12/2023 19:20,0
169683,SSI FURIOUS,WILHELMSEN PORT SERVICES BRASIL LTDA,MATAPI TRANSPORTE MULTIMODAL LTDA (PVC),Desatracado,LONGO CURSO,FERTILIZANTES ADUBOS,"15.439,29",-,0,402,19/12/2023 15:40,,,19/12/2023 15:40,24/12/2023 06:10,19/12/2023 20:50,23/12/2023 18:50,1:40
169686,INDUSTRIAL EMMA,NOVAD AGENCIA MARITIMA LTDA,CONVICON CONTEINERES DE VILA DO CONDE S/A,Desatracado,LONGO CURSO,"REATORES,  CALDEIRAS,  MÁQUINAS","28,32",-,0,102,7/12/2023 19:44,7/12/2023 19:44,9/12/2023 05:00,9/12/2023 06:00,09/12/2023 17:40,9/12/2023 09:13,09/12/2023 11:48,0
169708,M/V OMEGA STAR,GLOBAL AGENCIA MARITIMA LTDA EPP,R L DE ASSUNCAO OPERADOR PORTUARIO LTDA,Desatracado,LONGO CURSO,ANIMAIS VIVOS,"1.213,28",-,0,402,16/12/2023 13:14,16/12/2023 13:14,16/12/2023 13:50,16/12/2023 14:19,18/12/2023 12:20,16/12/2023 23:45,17/12/2023 15:40,0
169736,OMS VIII,OZIEL MUSTAFA DOS SANTOS E CIA LTDA,TEQUIMAR VILA DO CONDE LOGISTICA PORTUARIA SA,Desatracado,INTERIOR,GASOLINA,"2.140,25",-,0,502,2/12/2023 08:00,2/12/2023 08:00,3/12/2023 18:00,4/12/2023 07:15,04/12/2023 18:30,4/12/2023 11:40,04/12/2023 16:33,0
169757,Bernard,SAAM TOWAGE BRASIL S.A. PVC,SAAM TOWAGE BRASIL S.A. PVC,Desatracado,APOIO PORTUÁRIO,SEM CARGA,"1,12",-,0,202,3/12/2023 13:30,,,3/12/2023 13:30,05/12/2023 16:14,5/12/2023 12:18,05/12/2023 16:11,0
169771,NORTELOG II,SERVEPORTO AGENCIA MARITIMA LTDA.    (PVC),CONVICON CONTEINERES DE VILA DO CONDE S/A,Desatracado,INTERIOR,CONTÊINERES,"1.216,54",43,110,R1,6/12/2023 07:00,,,6/12/2023 07:00,07/12/2023 06:15,6/12/2023 08:48,07/12/2023 03:55,0
169774,M.V.FEDERAL CEDAR,GEM SHIPPING LTDA,ALUNORTE ALUMINA DO NORTE DO BRASIL SA,Desatracado,LONGO CURSO,ALUMINA,"32.001,58",-,0,201,11/12/2023 19:04,11/12/2023 19:04,14/12/2023 21:50,14/12/2023 22:50,16/12/2023 10:26,15/12/2023 01:08,16/12/2023 06:48,0
169781,LANNA NAREE,LBH BRASIL AGENCIAMENTO MARITIMO LTDA. (PVC),ALUNORTE ALUMINA DO NORTE DO BRASIL SA,Desatracado,LONGO CURSO,ALUMINA,"31.501,91",-,0,102,10/12/2023 22:30,10/12/2023 22:30,10/12/2023 23:30,11/12/2023 00:16,23/12/2023 11:42,11/12/2023 03:30,12/12/2023 09:56,0
169782,SMEW,WILLIAMS SERVICOS MARITIMOS LTDA,ALUNORTE ALUMINA DO NORTE DO BRASIL SA,Desatracado,LONGO CURSO,ALUMINA,"33.801,00",-,0,201,11/12/2023 12:06,11/12/2023 12:06,12/12/2023 10:23,12/12/2023 12:00,14/12/2023 22:11,12/12/2023 14:24,14/12/2023 18:56,0
169785,AP MARINE VI,AP MARINE LTDA,ALUNORTE ALUMINA DO NORTE DO BRASIL SA,Desatracado,INTERIOR,COMBUSTÍVEIS E ÓLEOS MINERAIS E PRODUTOS,"712,80",-,0,502,8/12/2023 07:00,,,8/12/2023 07:00,08/12/2023 15:28,8/12/2023 09:27,08/12/2023 14:00,0
169815,HB TUCUNARÉ,SERVEPORTO AGENCIA MARITIMA LTDA.    (PVC),ALUNORTE ALUMINA DO NORTE DO BRASIL SA,Desatracado,CABOTAGEM,BAUXITA,"55.359,39",-,0,101,13/12/2023 17:27,13/12/2023 17:27,13/12/2023 18:00,13/12/2023 18:40,18/12/2023 08:20,13/12/2023 21:23,18/12/2023 06:00,0
169816,HB TAMBAQUI,SERVEPORTO AGENCIA MARITIMA LTDA.    (PVC),SERVEPORTO AGENCIA MARITIMA LTDA.    (PVC),Desatracado,CABOTAGEM,BAUXITA,"632,14",-,0,101,18/12/2023 10:22,,,18/12/2023 10:22,22/12/2023 06:27,18/12/2023 18:16,22/12/2023 05:00,0
169825,SSI RESOLUTE,LBH BRASIL AGENCIAMENTO MARITIMO LTDA. (PVC),COMPORTCE OPERADOR PORTUARIO CESARI LTDA,Desatracado,LONGO CURSO,FERTILIZANTES ADUBOS,"51.245,75",-,0,301,12/12/2023 07:50,12/12/2023 07:50,12/12/2023 08:30,12/12/2023 09:20,19/12/2023 13:35,12/12/2023 14:40,19/12/2023 05:00,0
169828,WALDECIR RODRIGUES MUSTAFA,OZIEL MUSTAFA DOS SANTOS E CIA LTDA,TEQUIMAR VILA DO CONDE LOGISTICA PORTUARIA SA,Desatracado,INTERIOR,GASOLINA,"2,14",-,0,502,7/12/2023 06:30,,,7/12/2023 06:30,07/12/2023 18:00,7/12/2023 11:54,07/12/2023 16:56,0
169848,OCEAN ADORE,WILHELMSEN PORT SERVICES BRASIL LTDA,ALUNORTE ALUMINA DO NORTE DO BRASIL SA,Desatracado,LONGO CURSO,ALUMINA,"54.405,74",-,0,102,20/12/2023 15:47,,,20/12/2023 15:47,28/12/2023 10:35,20/12/2023 20:54,28/12/2023 04:35,0
169856,NORTELOG II,SERVEPORTO AGENCIA MARITIMA LTDA.    (PVC),CONVICON CONTEINERES DE VILA DO CONDE S/A,Desatracado,INTERIOR,CONTÊINERES,"1.267,95",33,85,R1,8/12/2023 07:00,,,8/12/2023 07:00,08/12/2023 21:00,8/12/2023 09:10,08/12/2023 20:35,0
169857,SERRA DOURADA XXIII,TRANSDOURADA NAVEGAÇÃO LTDA,TEQUIMAR VILA DO CONDE LOGISTICA PORTUARIA SA,Desatracado,INTERIOR,COMBUSTÍVEIS E ÓLEOS MINERAIS E PRODUTOS,"2,50",-,0,502,16/12/2023 07:20,,,16/12/2023 07:20,16/12/2023 18:10,16/12/2023 07:21,16/12/2023 18:09,0
169876,GLYFADA,ORION RODOS MARITIMA E PORTUARIA (PVC),ALUNORTE ALUMINA DO NORTE DO BRASIL SA,Desatracado,CABOTAGEM,BAUXITA,"39.244,63",-,0,101,21/12/2023 08:00,21/12/2023 08:00,21/12/2023 09:00,22/12/2023 07:00,25/12/2023 08:20,22/12/2023 21:20,24/12/2023 23:50,16:00
169877,IOANNIS ZAFIRAKIS,PETROLEO BRASILEIRO,PETROLEO BRASILEIRO,Desatracado,CABOTAGEM,COMBUSTÍVEIS E ÓLEOS MINERAIS E PRODUTOS,"25,66",-,0,501,13/12/2023 10:16,,,13/12/2023 10:16,15/12/2023 21:50,13/12/2023 14:48,15/12/2023 12:30,0
169881,AP MARINE VI,AP MARINE LTDA,ALUNORTE ALUMINA DO NORTE DO BRASIL SA,Desatracado,INTERIOR,COMBUSTÍVEIS E ÓLEOS MINERAIS E PRODUTOS,"0,72",-,0,502,18/12/2023 07:15,,,18/12/2023 07:15,18/12/2023 13:09,18/12/2023 07:20,18/12/2023 13:00,0
169893,LDC 001,LOUIS DREYFUS COMPANY BRASIL S.A,LOUIS DREYFUS COMPANY BRASIL S.A,Desatracado,INTERIOR,MILHO,"1.342,26",-,0,FUNDEIO2,12/12/2023 05:50,,,12/12/2023 05:50,12/12/2023 10:55,12/12/2023 06:00,12/12/2023 09:05,0
169894,LDC 004,LOUIS DREYFUS COMPANY BRASIL S.A,LOUIS DREYFUS COMPANY BRASIL S.A,Desatracado,INTERIOR,MILHO,"1.379,63",-,0,FUNDEIO2,15/12/2023 09:30,,,15/12/2023 09:30,15/12/2023 17:10,15/12/2023 09:35,15/12/2023 17:00,0
169895,LDC 007,LOUIS DREYFUS COMPANY BRASIL S.A,MEGA LOGISTICA SERVICOS PORTUARIOS LTDA,Desatracado,INTERIOR,MILHO,"1.263,96",-,0,FUNDEIO2,9/12/2023 12:45,,,9/12/2023 12:45,09/12/2023 22:45,9/12/2023 12:50,09/12/2023 15:40,0
169896,LDC 008,LOUIS DREYFUS COMPANY BRASIL S.A,MEGA LOGISTICA SERVICOS PORTUARIOS LTDA,Desatracado,INTERIOR,MILHO,"1.489,63",-,0,FUNDEIO2,9/12/2023 23:05,,,9/12/2023 23:05,10/12/2023 07:10,9/12/2023 23:10,10/12/2023 06:05,0
169897,LDC 013,LOUIS DREYFUS COMPANY BRASIL S.A,LOUIS DREYFUS COMPANY BRASIL S.A,Desatracado,INTERIOR,MILHO,"1.230,39",-,0,FUNDEIO2,12/12/2023 00:25,,,12/12/2023 00:25,12/12/2023 06:00,12/12/2023 00:50,12/12/2023 05:50,0
169898,LDC 014,LOUIS DREYFUS COMPANY BRASIL S.A,MEGA LOGISTICA SERVICOS PORTUARIOS LTDA,Desatracado,INTERIOR,MILHO,"1,48",-,0,FUNDEIO2,9/12/2023 12:45,,,9/12/2023 12:45,09/12/2023 22:45,9/12/2023 12:50,09/12/2023 15:40,0
169899,LDC 018,LOUIS DREYFUS COMPANY BRASIL S.A,LOUIS DREYFUS COMPANY BRASIL S.A,Desatracado,INTERIOR,MILHO,"1.527,32",-,0,FUNDEIO2,11/12/2023 17:20,,,11/12/2023 17:20,12/12/2023 00:50,11/12/2023 18:20,11/12/2023 21:20,0
169900,LDC 025,LOUIS DREYFUS COMPANY BRASIL S.A,LOUIS DREYFUS COMPANY BRASIL S.A,Desatracado,INTERIOR,MILHO,"1.327,23",-,0,FUNDEIO2,10/12/2023 15:40,,,10/12/2023 15:40,10/12/2023 23:00,10/12/2023 17:30,10/12/2023 18:20,0
169901,LDC 030,LOUIS DREYFUS COMPANY BRASIL S.A,LOUIS DREYFUS COMPANY BRASIL S.A,Desatracado,INTERIOR,MILHO,"1.468,24",-,0,FUNDEIO2,11/12/2023 10:10,,,11/12/2023 10:10,11/12/2023 17:30,11/12/2023 10:15,11/12/2023 13:10,0
169902,LDC 031,LOUIS DREYFUS COMPANY BRASIL S.A,LOUIS DREYFUS COMPANY BRASIL S.A,Desatracado,INTERIOR,MILHO,"1.245,08",-,0,FUNDEIO2,15/12/2023 14:30,,,15/12/2023 14:30,15/12/2023 16:30,15/12/2023 14:35,15/12/2023 16:25,0
169903,LDC 039,LOUIS DREYFUS COMPANY BRASIL S.A,LOUIS DREYFUS COMPANY BRASIL S.A,Desatracado,INTERIOR,MILHO,"1.245,08",-,0,FUNDEIO2,14/12/2023 12:10,,,14/12/2023 12:10,15/12/2023 03:20,14/12/2023 13:00,15/12/2023 03:00,0
169904,LDC 043,LOUIS DREYFUS COMPANY BRASIL S.A,LOUIS DREYFUS COMPANY BRASIL S.A,Desatracado,INTERIOR,MILHO,"1.354,73",-,0,FUNDEIO2,14/12/2023 02:55,,,14/12/2023 02:55,14/12/2023 03:25,14/12/2023 07:00,14/12/2023 08:10,0
169905,LDC 046,LOUIS DREYFUS COMPANY BRASIL S.A,LOUIS DREYFUS COMPANY BRASIL S.A,Desatracado,INTERIOR,MILHO,"1.410,99",-,0,FUNDEIO2,13/12/2023 03:20,,,13/12/2023 03:20,13/12/2023 05:45,13/12/2023 03:25,13/12/2023 05:40,0
169906,LDC 048,LOUIS DREYFUS COMPANY BRASIL S.A,MEGA LOGISTICA SERVICOS PORTUARIOS LTDA,Desatracado,INTERIOR,MILHO,"1.483,48",-,0,FUNDEIO2,9/12/2023 07:20,,,9/12/2023 07:20,10/12/2023 11:00,10/12/2023 07:40,10/12/2023 10:10,0
169907,LILA HOUSTON,WILHELMSEN PORT SERVICES BRASIL LTDA,ALUNORTE ALUMINA DO NORTE DO BRASIL SA,Desatracado,LONGO CURSO,ALUMINA,"30.507,99",-,0,201,18/12/2023 00:05,,,18/12/2023 00:05,20/12/2023 10:25,18/12/2023 18:48,20/12/2023 06:00,0
169908,LDC 050,LOUIS DREYFUS COMPANY BRASIL S.A,LOUIS DREYFUS COMPANY BRASIL S.A,Desatracado,INTERIOR,MILHO,"1.505,44",-,0,FUNDEIO2,12/12/2023 10:50,,,12/12/2023 10:50,12/12/2023 16:20,12/12/2023 12:20,12/12/2023 13:05,0
169909,LDC 051,LOUIS DREYFUS COMPANY BRASIL S.A,MEGA LOGISTICA SERVICOS PORTUARIOS LTDA,Desatracado,INTERIOR,MILHO,"1.349,25",-,0,FUNDEIO2,10/12/2023 07:20,,,10/12/2023 07:20,10/12/2023 23:59,10/12/2023 11:00,10/12/2023 13:05,0
169910,LDC 054,LOUIS DREYFUS COMPANY BRASIL S.A,LOUIS DREYFUS COMPANY BRASIL SA,Desatracado,INTERIOR,MILHO,"1.408,66",-,0,FUNDEIO2,14/12/2023 12:10,,,14/12/2023 12:10,15/12/2023 09:45,14/12/2023 13:00,15/12/2023 05:35,0
169911,LDC 058,LOUIS DREYFUS COMPANY BRASIL S.A,LOUIS DREYFUS COMPANY BRASIL S.A,Desatracado,INTERIOR,MILHO,"1.421,28",-,0,FUNDEIO2,12/12/2023 16:10,,,12/12/2023 16:10,12/12/2023 18:40,12/12/2023 16:15,12/12/2023 18:35,0
169912,LDC 062,LOUIS DREYFUS COMPANY BRASIL S.A,LOUIS DREYFUS COMPANY BRASIL S.A,Desatracado,INTERIOR,MILHO,"1.612,93",-,0,FUNDEIO2,11/12/2023 06:45,,,11/12/2023 06:45,11/12/2023 10:15,11/12/2023 08:50,11/12/2023 09:55,0
169913,LDC 064,LOUIS DREYFUS COMPANY BRASIL S.A,LOUIS DREYFUS COMPANY BRASIL S.A,Desatracado,INTERIOR,MILHO,"1.502,60",-,0,FUNDEIO2,14/12/2023 02:55,,,14/12/2023 02:55,14/12/2023 07:40,14/12/2023 04:10,14/12/2023 05:10,0
169981,NT- DALLAS,PETROLEO BRASILEIRO,TEQUIMAR VILA DO CONDE LOGISTICA PORTUARIA SA,Desatracado,CABOTAGEM,COMBUSTÍVEIS E ÓLEOS MINERAIS E PRODUTOS,"5.993,64",-,0,501,21/12/2023 15:45,,,21/12/2023 15:45,22/12/2023 17:35,22/12/2023 00:06,22/12/2023 06:18,0
169985,ROYAL II,NOVAD AGENCIA MARITIMA LTDA,CONVICON CONTEINERES DE VILA DO CONDE S/A,Desatracado,LONGO CURSO,"MAQ,  APARELHOS E MAT.  ELÉTRICOS","323,76",-,0,402,15/12/2023 11:22,,,15/12/2023 11:22,16/12/2023 12:48,15/12/2023 13:48,16/12/2023 02:32,0
169993,DAS,GEM SHIPPING LTDA,ALUNORTE ALUMINA DO NORTE DO BRASIL SA,Desatracado,LONGO CURSO,SODA CÁUSTICA,"41.952,73",-,0,501,20/12/2023 12:00,20/12/2023 12:00,22/12/2023 12:00,26/12/2023 10:20,28/12/2023 21:17,26/12/2023 20:00,28/12/2023 13:30,0
169995,FEDERAL TAMBO,WILHELMSEN PORT SERVICES BRASIL LTDA,ALUNORTE ALUMINA DO NORTE DO BRASIL SA,Desatracado,LONGO CURSO,ALUMINA,"47.250,32",-,0,201,24/12/2023 04:50,,,24/12/2023 04:50,27/12/2023 09:34,24/12/2023 06:44,27/12/2023 04:12,0
170015,ATHENAS ZAPAL,SERVEPORTO AGENCIA MARITIMA LTDA.    (PVC),CONVICON CONTEINERES DE VILA DO CONDE S/A,Desatracado,INTERIOR,CONTÊINERES,"100,00",-,4,401,19/12/2023 21:30,,,19/12/2023 21:30,19/12/2023 21:56,19/12/2023 21:54,19/12/2023 21:55,0
170030,MSC SHIRLEY,MSC MEDITERRANEAN SHIPPING DO BRASIL LTDA,CONVICON CONTEINERES DE VILA DO CONDE S/A,Desatracado,LONGO CURSO,CONTÊINERES,"134.813,58",29253,415,401,15/12/2023 23:00,15/12/2023 23:00,16/12/2023 00:00,24/12/2023 14:05,25/12/2023 15:55,24/12/2023 15:30,25/12/2023 14:30,0
170045,BT- OMS-XXV,OZIEL MUSTAFA DOS SANTOS E CIA LTDA,TEQUIMAR VILA DO CONDE LOGISTICA PORTUARIA SA,Desatracado,INTERIOR,"AERONAVES, EMBARCAÇÕES E SUAS PARTES","274,76",-,0,502,14/12/2023 07:55,,,14/12/2023 07:55,15/12/2023 18:30,14/12/2023 12:55,14/12/2023 14:21,0
170056,FEDERAL YELLOWSTONE,GEM SHIPPING LTDA,ALUNORTE ALUMINA DO NORTE DO BRASIL SA,Desatracado,LONGO CURSO,ALUMINA,"2,00",-,0,201,19/12/2023 09:05,19/12/2023 09:05,19/12/2023 10:00,20/12/2023 11:19,22/12/2023 19:20,20/12/2023 19:15,21/12/2023 23:00,0
170057,LDC 003,LOUIS DREYFUS COMPANY BRASIL S.A,MEGA LOGISTICA SERVICOS PORTUARIOS LTDA,Desatracado,INTERIOR,MILHO,"1.103,04",-,0,FUNDEIO2,9/12/2023 23:05,,,9/12/2023 23:05,10/12/2023 07:10,10/12/2023 04:50,10/12/2023 05:54,0
170065,CHARLES,WILHELMSEN PORT SERVICES BRASIL LTDA,ALUNORTE ALUMINA DO NORTE DO BRASIL SA,Desatracado,LONGO CURSO,ALUMINA,"34.602,63",-,0,201,22/12/2023 00:01,22/12/2023 00:01,27/12/2023 09:40,27/12/2023 10:13,30/12/2023 05:58,28/12/2023 07:04,30/12/2023 03:35,0
170074,WESTERN MIAMI,WILHELMSEN PORT SERVICES BRASIL LTDA,ALUNORTE ALUMINA DO NORTE DO BRASIL SA,Desatracado,LONGO CURSO,ALUMINA,"36.589,33",-,0,102,18/12/2023 01:18,,,18/12/2023 01:18,20/12/2023 04:08,18/12/2023 07:47,20/12/2023 02:22,0
170078,LDC 005,LOUIS DREYFUS COMPANY BRASIL S.A,LOUIS DREYFUS COMPANY BRASIL S.A,Desatracado,INTERIOR,MILHO,"1.503,59",-,0,FUNDEIO2,16/12/2023 11:10,,,16/12/2023 11:10,16/12/2023 15:30,16/12/2023 12:20,16/12/2023 14:50,0
170079,LDC 047,LOUIS DREYFUS COMPANY BRASIL S.A,LOUIS DREYFUS COMPANY BRASIL SA,Desatracado,INTERIOR,MILHO,"1.499,15",-,0,FUNDEIO2,18/12/2023 08:05,,,18/12/2023 08:05,19/12/2023 03:10,18/12/2023 10:55,18/12/2023 13:50,0
170080,LDC 045,LOUIS DREYFUS COMPANY BRASIL S.A,LOUIS DREYFUS COMPANY BRASIL S.A,Desatracado,INTERIOR,MILHO,"1.512,45",-,0,FUNDEIO2,16/12/2023 20:15,,,16/12/2023 20:15,17/12/2023 05:45,17/12/2023 02:45,17/12/2023 04:50,0
170081,LDC 020,LOUIS DREYFUS COMPANY BRASIL S.A,LOUIS DREYFUS COMPANY BRASIL S.A,Desatracado,INTERIOR,MILHO,"1.686,68",-,0,FUNDEIO2,17/12/2023 06:00,,,17/12/2023 06:00,17/12/2023 13:30,17/12/2023 06:25,17/12/2023 13:25,0
170082,LDC 056,LOUIS DREYFUS COMPANY BRASIL S.A,LOUIS DREYFUS COMPANY BRASIL SA,Desatracado,INTERIOR,MILHO,"1.670,15",-,0,FUNDEIO2,17/12/2023 14:10,,,17/12/2023 14:10,18/12/2023 02:20,17/12/2023 14:20,17/12/2023 16:45,0
170083,LDC 049,LOUIS DREYFUS COMPANY BRASIL S.A,LOUIS DREYFUS COMPANY BRASIL S.A,Desatracado,INTERIOR,MILHO,"1.486,44",-,0,FUNDEIO2,16/12/2023 11:10,,,16/12/2023 11:10,17/12/2023 05:45,16/12/2023 15:25,16/12/2023 18:05,0
170084,LDC 060,LOUIS DREYFUS COMPANY BRASIL S.A,LOUIS DREYFUS COMPANY BRASIL SA,Desatracado,INTERIOR,MILHO,"1.642,76",-,0,FUNDEIO2,20/12/2023 11:05,,,20/12/2023 11:05,22/12/2023 01:35,20/12/2023 20:50,22/12/2023 01:20,23:55
170085,LDC 027,LOUIS DREYFUS COMPANY BRASIL S.A,LOUIS DREYFUS COMPANY BRASIL SA,Desatracado,INTERIOR,MILHO,"1.524,12",-,0,FUNDEIO2,20/12/2023 11:10,,,20/12/2023 11:10,22/12/2023 06:40,22/12/2023 01:20,22/12/2023 04:35,0
170086,LDC 044,LOUIS DREYFUS COMPANY BRASIL S.A,LOUIS DREYFUS COMPANY BRASIL SA,Desatracado,INTERIOR,MILHO,"1.674,68",-,0,FUNDEIO2,17/12/2023 06:05,,,17/12/2023 06:05,17/12/2023 13:30,17/12/2023 09:35,17/12/2023 13:10,0
170087,LDC 052,LOUIS DREYFUS COMPANY BRASIL S.A,LOUIS DREYFUS COMPANY BRASIL SA,Desatracado,INTERIOR,MILHO,"1.647,87",-,0,FUNDEIO2,17/12/2023 14:10,,,17/12/2023 14:10,18/12/2023 02:20,17/12/2023 14:20,17/12/2023 19:40,0
170088,LDC 017,LOUIS DREYFUS COMPANY BRASIL S.A,LOUIS DREYFUS COMPANY BRASIL S.A,Desatracado,INTERIOR,MILHO,"1.526,64",-,0,FUNDEIO2,19/12/2023 08:40,,,19/12/2023 08:40,20/12/2023 05:15,19/12/2023 13:05,19/12/2023 23:10,0
170089,LDC 035,LOUIS DREYFUS COMPANY BRASIL S.A,LOUIS DREYFUS COMPANY BRASIL S.A,Desatracado,INTERIOR,MILHO,"1.488,90",-,0,FUNDEIO2,18/12/2023 15:00,,,18/12/2023 15:00,19/12/2023 03:10,18/12/2023 17:10,18/12/2023 18:05,0
170090,LDC 040,LOUIS DREYFUS COMPANY BRASIL S.A,LOUIS DREYFUS COMPANY BRASIL SA,Desatracado,INTERIOR,MILHO,"1.656,39",-,0,FUNDEIO2,19/12/2023 08:40,,,19/12/2023 08:40,20/12/2023 05:15,19/12/2023 08:45,19/12/2023 11:10,0
170091,LDC 026,LOUIS DREYFUS COMPANY BRASIL S.A,LOUIS DREYFUS COMPANY BRASIL S.A,Desatracado,INTERIOR,MILHO,"1.677,70",-,0,FUNDEIO2,18/12/2023 08:05,,,18/12/2023 08:05,18/12/2023 11:25,18/12/2023 08:15,18/12/2023 11:20,0
170137,BT- OMS-XXV,OZIEL MUSTAFA DOS SANTOS E CIA LTDA,TEQUIMAR VILA DO CONDE LOGISTICA PORTUARIA SA,Desatracado,INTERIOR,ÓLEO COMBUSTÍVEL,"3,93",-,0,502,14/12/2023 07:55,,,14/12/2023 07:55,15/12/2023 18:30,14/12/2023 18:55,14/12/2023 22:05,0
170140,B/T PAÇO DA CORDA,SERVEPORTO AGENCIA MARITIMA LTDA.    (PVC),TEQUIMAR VILA DO CONDE LOGISTICA PORTUARIA SA,Desatracado,INTERIOR,ÓLEO COMBUSTÍVEL,"620,06",-,0,101,17/12/2023 06:30,,,17/12/2023 06:30,17/12/2023 11:20,17/12/2023 07:15,17/12/2023 10:55,0
170150,WALDECIR RODRIGUES MUSTAFA,OZIEL MUSTAFA DOS SANTOS E CIA LTDA,TEQUIMAR VILA DO CONDE LOGISTICA PORTUARIA SA,Desatracado,INTERIOR,GASOLINA,"3,00",-,0,502,17/12/2023 07:45,,,17/12/2023 07:45,17/12/2023 18:15,17/12/2023 09:40,17/12/2023 18:00,0
170153,B/T PAÇO DA CORDA,WILSON SONS SHIPPING SERVICES LTDA (PVC),PETROBRAS TRANSPORTES S/A- TRANSPETRO- BASE BELEM,Desatracado,INTERIOR,COMBUSTÍVEIS E ÓLEOS MINERAIS E PRODUTOS,"0,00",-,0,401,17/12/2023 00:50,,,17/12/2023 00:50,17/12/2023 05:40,17/12/2023 01:00,17/12/2023 05:00,0
170190,CANOA DO BIBI XVII,SERVEPORTO AGENCIA MARITIMA LTDA.    (PVC),CONVICON CONTEINERES DE VILA DO CONDE S/A,Desatracado,INTERIOR,CONTÊINERES,"1.564,52",40,110,R1,21/12/2023 08:21,,,21/12/2023 08:21,22/12/2023 15:45,21/12/2023 09:05,22/12/2023 14:00,0
170204,CANOA DO BIBI XVII,SERVEPORTO AGENCIA MARITIMA LTDA.    (PVC),CONVICON CONTEINERES DE VILA DO CONDE S/A,Desatracado,INTERIOR,CONTÊINERES,"838,00",40,75,R1,27/12/2023 08:00,,,27/12/2023 08:00,28/12/2023 06:45,27/12/2023 11:00,28/12/2023 06:20,0
170206,CELSO FURTADO,PETROLEO BRASILEIRO,TEQUIMAR VILA DO CONDE LOGISTICA PORTUARIA SA,Desatracado,CABOTAGEM,COMBUSTÍVEIS E ÓLEOS MINERAIS E PRODUTOS,"5,41",-,0,501,22/12/2023 18:05,,,22/12/2023 18:05,24/12/2023 06:25,23/12/2023 02:12,23/12/2023 17:30,0
170208,OMS VIII,OZIEL MUSTAFA DOS SANTOS E CIA LTDA,TEQUIMAR VILA DO CONDE LOGISTICA PORTUARIA SA,Desatracado,INTERIOR,COMBUSTÍVEIS E ÓLEOS MINERAIS E PRODUTOS,"2,12",-,0,502,19/12/2023 09:30,,,19/12/2023 09:30,19/12/2023 16:40,19/12/2023 11:19,19/12/2023 16:00,0
170212,AMÉRICO VESPÚCIO,WILSON SONS SHIPPING SERVICES LTDA (PVC),CONVICON CONTEINERES DE VILA DO CONDE S/A,Desatracado,CABOTAGEM,CONTÊINERES,"108,91",4,4,401,23/12/2023 05:08,,,23/12/2023 05:08,24/12/2023 11:52,23/12/2023 06:30,24/12/2023 11:30,0
170218,CONTSHIP DON,WILSON SONS SHIPPING SERVICES LTDA (PVC),CONVICON CONTEINERES DE VILA DO CONDE S/A,Desatracado,LONGO CURSO,CONTÊINERES,"1,87",-,0,401,26/12/2023 23:56,,,26/12/2023 23:56,27/12/2023 12:04,27/12/2023 01:27,27/12/2023 11:30,0
170225,PARAIBA 3000,ATEM S DISTRIB DE PETROLEO,TEQUIMAR VILA DO CONDE LOGISTICA PORTUARIA SA,Desatracado,INTERIOR,GASOLINA,"1,80",-,0,502,20/12/2023 16:20,,,20/12/2023 16:20,21/12/2023 09:05,20/12/2023 23:06,21/12/2023 04:20,0
170247,NORD TOKYO,LBH BRASIL AGENCIAMENTO MARITIMO LTDA. (PVC),ALUNORTE ALUMINA DO NORTE DO BRASIL SA,Desatracado,LONGO CURSO,ALUMINA,"31.501,09",-,0,201,21/12/2023 14:00,21/12/2023 14:00,22/12/2023 20:50,22/12/2023 21:20,24/12/2023 04:26,22/12/2023 23:08,23/12/2023 23:05,4:40
170265,LIBERDADE DO XINGÚ,ORION RODOS MARITIMA E PORTUARIA (PVC),ORION RODOS MARITIMA E PORTUARIA (PVC),Desatracado,INTERIOR,ABASTECIMENTO COMBUS,"250,00",-,0,201,20/12/2023 06:00,20/12/2023 06:00,20/12/2023 07:00,20/12/2023 07:40,20/12/2023 12:10,20/12/2023 08:00,20/12/2023 12:00,0
170269,HB TUCUNARÉ,SERVEPORTO AGENCIA MARITIMA LTDA.    (PVC),ALUNORTE ALUMINA DO NORTE DO BRASIL SA,Desatracado,CABOTAGEM,BAUXITA,"61.595,80",-,0,101,25/12/2023 14:10,,,25/12/2023 14:10,29/12/2023 03:06,25/12/2023 15:25,29/12/2023 00:00,0
170272,LIBERDADE DO XINGÚ,SERVEPORTO AGENCIA MARITIMA LTDA.    (PVC),TEQUIMAR VILA DO CONDE LOGISTICA PORTUARIA SA,Desatracado,INTERIOR,ÓLEO COMBUSTÍVEL,"540,33",-,0,101,20/12/2023 21:45,,,20/12/2023 21:45,21/12/2023 03:17,20/12/2023 22:50,21/12/2023 03:00,0
170274,RUBI,WILSON SONS SERVICOS MARÍTIMOS LTA. (REBOCADORES-PVC),WILSON SONS SERVICOS MARITIMOS LTDA,Desatracado,APOIO PORTUÁRIO,SEM CARGA,"1,48",-,0,202,21/12/2023 09:03,,,21/12/2023 09:03,21/12/2023 12:00,21/12/2023 09:09,21/12/2023 11:44,0
170281,B/T. OMS XVI,OZIEL MUSTAFA DOS SANTOS E CIA LTDA,TEQUIMAR VILA DO CONDE LOGISTICA PORTUARIA SA,Desatracado,INTERIOR,ALCOOL ANIDRO,"163,99",-,0,502,21/12/2023 11:45,,,21/12/2023 11:45,21/12/2023 18:28,21/12/2023 15:45,21/12/2023 16:40,0
170292,M/T PINE MEADOW,PETROLEO BRASILEIRO,ALUNORTE ALUMINA DO NORTE DO BRASIL SA,Desatracado,CABOTAGEM,COMBUSTÍVEIS E ÓLEOS MINERAIS E PRODUTOS,"11,40",-,0,501,29/12/2023 10:45,,,29/12/2023 10:45,30/12/2023 12:30,29/12/2023 15:06,30/12/2023 10:24,0
170316,LDC 023,LOUIS DREYFUS COMPANY BRASIL S.A,LOUIS DREYFUS COMPANY BRASIL S.A,Desatracado,INTERIOR,MILHO,"1.658,83",-,0,FUNDEIO2,23/12/2023 09:30,,,23/12/2023 09:30,23/12/2023 12:45,23/12/2023 11:20,23/12/2023 12:30,0
170317,LDC 006,LOUIS DREYFUS COMPANY BRASIL S.A,LOUIS DREYFUS COMPANY BRASIL SA,Desatracado,INTERIOR,MILHO,"1.835,87",-,0,FUNDEIO2,22/12/2023 13:35,,,22/12/2023 13:35,23/12/2023 08:55,23/12/2023 06:00,23/12/2023 08:40,0
170318,LDC 012,LOUIS DREYFUS COMPANY BRASIL S.A,LOUIS DREYFUS COMPANY BRASIL SA,Desatracado,INTERIOR,MILHO,"1.848,15",-,0,FUNDEIO2,23/12/2023 16:40,,,23/12/2023 16:40,23/12/2023 21:00,23/12/2023 16:45,23/12/2023 20:10,0
170319,LDC 008,LOUIS DREYFUS COMPANY BRASIL S.A,LOUIS DREYFUS COMPANY BRASIL SA,Desatracado,INTERIOR,MILHO,"1.838,97",-,0,FUNDEIO2,22/12/2023 06:20,,,22/12/2023 06:20,22/12/2023 13:45,22/12/2023 07:00,22/12/2023 13:00,0
170320,LDC 014,LOUIS DREYFUS COMPANY BRASIL S.A,LOUIS DREYFUS COMPANY BRASIL SA,Desatracado,INTERIOR,MILHO,"1.806,91",-,0,FUNDEIO2,23/12/2023 19:05,,,23/12/2023 19:05,24/12/2023 09:20,23/12/2023 23:05,24/12/2023 09:10,0
170321,LDC 007,LOUIS DREYFUS COMPANY BRASIL S.A,LOUIS DREYFUS COMPANY BRASIL S.A,Desatracado,INTERIOR,MILHO,"1,70",-,0,FUNDEIO2,25/12/2023 13:00,,,25/12/2023 13:00,25/12/2023 18:45,25/12/2023 15:05,25/12/2023 18:30,0
170431,OMS XXIX,OZIEL MUSTAFA DOS SANTOS E CIA LTDA,TEQUIMAR VILA DO CONDE LOGISTICA PORTUARIA SA,Desatracado,INTERIOR,ÓLEO DIESEL,"2,50",-,0,502,27/12/2023 07:30,,,27/12/2023 07:30,27/12/2023 23:00,27/12/2023 12:00,27/12/2023 16:48,0
170440,RUBI,WILSON SONS SERVICOS MARÍTIMOS LTA. (REBOCADORES-PVC),WILSON SONS SERVICOS MARITIMOS LTDA,Desatracado,APOIO PORTUÁRIO,SEM CARGA,"0,03",-,0,202,28/12/2023 12:10,,,28/12/2023 12:10,28/12/2023 14:47,28/12/2023 13:00,28/12/2023 14:30,0
170445,B/T. OMS XVI,OZIEL MUSTAFA DOS SANTOS E CIA LTDA,TEQUIMAR VILA DO CONDE LOGISTICA PORTUARIA SA,Desatracado,INTERIOR,ALCOOL ANIDRO,"3.147,03",-,0,502,28/12/2023 08:15,,,28/12/2023 08:15,28/12/2023 22:35,28/12/2023 11:05,28/12/2023 21:12,1:33
170466,SERRA DOURADA XXIII,TRANSDOURADA NAVEGAÇÃO LTDA,TEQUIMAR VILA DO CONDE LOGISTICA PORTUARIA SA,Desatracado,INTERIOR,COMBUSTÍVEIS E ÓLEOS MINERAIS E PRODUTOS,"2.149,04",-,0,502,29/12/2023 07:00,,,29/12/2023 07:00,29/12/2023 20:25,29/12/2023 10:50,29/12/2023 17:35,1:26
170479,LDC 007,LOUIS DREYFUS COMPANY BRASIL S.A,LOUIS DREYFUS COMPANY BRASIL SA,Desatracado,INTERIOR,MILHO,"1.738,11",-,0,FUNDEIO2,25/12/2023 13:00,,,25/12/2023 13:00,25/12/2023 18:45,25/12/2023 17:25,25/12/2023 18:30,0
170480,LDC 042,LOUIS DREYFUS COMPANY BRASIL S.A,LOUIS DREYFUS COMPANY BRASIL SA,Desatracado,INTERIOR,MILHO,"1.663,06",-,0,FUNDEIO2,25/12/2023 13:00,,,25/12/2023 13:00,26/12/2023 03:40,25/12/2023 18:45,26/12/2023 03:35,0
170481,LDC 038,LOUIS DREYFUS COMPANY BRASIL S.A,MEGA LOGISTICA SERVICOS PORTUARIOS LTDA,Desatracado,INTERIOR,MILHO,"1.667,35",-,0,FUNDEIO2,27/12/2023 21:10,,,27/12/2023 21:10,28/12/2023 17:25,28/12/2023 08:25,28/12/2023 13:15,0
170482,LDC 014,LOUIS DREYFUS COMPANY BRASIL S.A,MEGA LOGISTICA SERVICOS PORTUARIOS LTDA,Desatracado,INTERIOR,MILHO,"63,55",-,0,FUNDEIO2,31/12/2023 13:40,,,31/12/2023 13:40,31/12/2023 18:05,31/12/2023 15:55,31/12/2023 18:04,0
170483,LDC 032,LOUIS DREYFUS COMPANY BRASIL S.A,LOUIS DREYFUS COMPANY BRASIL SA,Desatracado,INTERIOR,MILHO,"1.654,21",-,0,FUNDEIO2,30/12/2023 16:30,,,30/12/2023 16:30,31/12/2023 13:35,30/12/2023 16:35,31/12/2023 13:00,0
170485,LDC 034,LOUIS DREYFUS COMPANY BRASIL S.A,LOUIS DREYFUS COMPANY BRASIL SA,Desatracado,INTERIOR,MILHO,"1.706,83",-,0,FUNDEIO2,29/12/2023 19:10,,,29/12/2023 19:10,30/12/2023 07:25,29/12/2023 20:40,29/12/2023 23:15,0
170486,LDC 063,LOUIS DREYFUS COMPANY BRASIL S.A,LOUIS DREYFUS COMPANY BRASIL SA,Desatracado,INTERIOR,MILHO,"1.505,03",-,0,FUNDEIO2,30/12/2023 16:30,,,30/12/2023 16:30,31/12/2023 18:05,31/12/2023 13:00,31/12/2023 18:00,0
170620,LDC 015,LOUIS DREYFUS COMPANY BRASIL S.A,LOUIS DREYFUS COMPANY BRASIL SA,Desatracado,INTERIOR,MILHO,"2.087,09",-,0,FUNDEIO2,30/12/2023 03:50,,,30/12/2023 03:50,30/12/2023 07:25,30/12/2023 03:55,30/12/2023 07:10,0
170622,LDC 020,LOUIS DREYFUS COMPANY BRASIL S.A,LOUIS DREYFUS COMPANY BRASIL SA,Desatracado,INTERIOR,MILHO,"2.270,05",-,0,FUNDEIO2,30/12/2023 07:35,,,30/12/2023 07:35,30/12/2023 16:30,30/12/2023 07:40,30/12/2023 12:40,0
170623,LDC 061,LOUIS DREYFUS COMPANY BRASIL S.A,LOUIS DREYFUS COMPANY BRASIL SA,Desatracado,INTERIOR,MILHO,"2.066,35",-,0,FUNDEIO2,30/12/2023 07:35,,,30/12/2023 07:35,30/12/2023 16:30,30/12/2023 12:40,30/12/2023 15:50,0
170696,LIBERDADE DO XINGÚ,GLOBAL AGENCIA MARITIMA LTDA EPP,PETROBRAS TRANSPORTES S/A - TRANSPETRO,Desatracado,APOIO PORTUÁRIO,ÓLEO COMBUSTÍVEL,"0,98",-,0,FUNDEIO1,29/12/2023 07:00,,,29/12/2023 07:00,29/12/2023 13:00,29/12/2023 07:05,29/12/2023 12:55,0